region,dialect,reference,condition,hypothesis,meaning_preservation,fluency
mittelfranken,Er schüdelt sich und streckt si und stockt aff amol.,Er schüttelt sich und streckt sich und stockt auf einmal.,Condition-A (Zero-Shot),Er schüttelt sich und streckt sich und stockt einmal.,4,5
mittelfranken,"""A su a Sauerei"", starrt der Beppo sei Fluchhaut o.","""So eine Sauerei"", starrt Beppo seine Flughaut an.",Condition-A (Zero-Shot),"Was für eine Sauerei“, starrt der Beppo seine Fluchtautobahn an.",2,4
mittelfranken,Über und über sän dou dunkle Fleggen.,Über und über sind da dunkle Flecken.,Condition-A (Zero-Shot),Überall saßen dunkle Fliegen.,2,5
mittelfranken,"""Ah na, ausgerechnet Holunder"", jammert däi glanne Feldermaus.","""Ach nein, ausgerechnet Holunder"", jammert die kleine Fledermaus.",Condition-A (Zero-Shot),"Ah, ausgerechnet Holunder, jammert die kleine Fledermaus.",4,5
mittelfranken,"""Der gäiht doch immer su schlecht raus.""","""Der geht doch immer so schlecht raus.""",Condition-A (Zero-Shot),Das geht doch immer so schlecht aus.,4,5
mittelfranken,Dou zuckt aff amol a greller Blitz durch an Burchhof.,Da zuckt auf einmal ein greller Blitz durch den Burghof.,Condition-A (Zero-Shot),Da zuckt plötzlich ein greller Blitz durch den Burghof.,5,5
mittelfranken,Verschreckt flattert der Beppo davu.,Verschreckt flatter Beppo davon.,Condition-A (Zero-Shot),Verschreckt flattert der Beppo davon.,5,5
mittelfranken,"""Nu net a no a Gwidder"", denkt er si.","""Jetzt nicht auch noch ein Gewitter"", denkt er sich.",Condition-A (Zero-Shot),"Jetzt nicht noch ein Gewitter, denkt sie sich.",4,5
mittelfranken,"Aber dou sicht ern Herrn Bollnraider stäih, mit am klanner schwarzen Kästla in der Hand.","""Aber da sieht er Herrn Bollnraider stehen, mit einem kleinen schwarzen Kästchen in der Hand.",Condition-A (Zero-Shot),"Aber dort steht ein Herr Bollnraider, mit einem kleinen schwarzen Kästchen in der Hand.",4,5
mittelfranken,"Der Burchherr hat des Gwerch vom Beppo im Hollerbusch gherdt, sich sein Foddo gnumma und is naus.","Der Burgherr hat das Werken von Beppo im Hollerbusch gehört, sich seinen Fotoapparat genommen und ist raus.",Condition-A (Zero-Shot),"Der Burgherr hat das Gewehr vom Beppo im Hollerbusch geholt, sich sein Foddo genommen und ist raus.",2,3
mittelfranken,Des waß der Beppo in dem Moment freilich net.,Das weiß Beppo in dem Moment natürlich nicht.,Condition-A (Zero-Shot),Das wusste der Beppo in dem Moment natürlich nicht.,5,5
mittelfranken,"Erscht an Dooch späda, wäi der Zeitungsausträger, wäi immer mitten in der Nacht, däi Zeitung vurs Burchtor schmeißt, na sicht ers.","Erst einen Tag später, als der Zeitungsausträger, wie immer mitten in der Nacht, die Zeitung vors Burgtor schmeißt, dann sieht er es.",Condition-A (Zero-Shot),"Erst am nächsten Morgen, wenn der Zeitungsausträger wie immer mitten in der Nacht die Zeitung durch das Burgtor wirft, sieht er sie.",2,4
mittelfranken,Miedn auf am Titelblatt is a Bild vom Beppo mit seine Hollunderbeerfleggn.,Mitten auf dem Titelblatt ist ein Bild von Beppo mit seinen Holunderbeerflecken.,Condition-A (Zero-Shot),Auf dem Titelblatt ist ein Bild von Beppo mit seinen Holunderbeerflocken.,4,5
mittelfranken,"Und wenn däi klanne Burgfledermaus lesen könnt, dät’s seng, dass drüber in fedde Buchstaben steht: ""Sensation: Neuartiche Leopardenfledermaus entdeckt.""","Und wenn die kleine Burgfledermaus lesen könnte, würde sie sehen, dass darüber in fetten Buchstaben steht: ""Sensation: Neuartige Leopardenfledermaus entdeckt.""",Condition-A (Zero-Shot),"Und wenn die kleine Burgfledermaus lesen könnte, sähe sie, dass darüber in fetten Buchstaben steht: „Sensation: Neuartige Leopardenfledermaus entdeckt.“",5,5
mittelfranken,"""Ja, ich bin etz berühmt"", verzählt er später grinsend und a a weng stolz alle anderen Fledermäus.","""Ja, ich bin jetzt berühmt"", erzählt er später grinsend und auch ein wenig stolz allen anderen Fledermäusen.",Condition-A (Zero-Shot),"Ja, ich bin jetzt berühmt, erzählt er später grinsend und ein wenig stolz allen anderen Fledermäusen.",4,5
mittelfranken,Däi ham nan bisher bloß ausglacht wecha seine Holunderbeerfleckn.,Die haben ihn bisher bloß ausgelacht wegen seinen Holunderbeerflecken.,Condition-A (Zero-Shot),Die haben ihn bisher nur wegen seiner Holunderbeerenflecken ausgelacht.,5,5
mittelfranken,Etz schauns fast a weng neidisch.,Jetzt schauen sie fast ein wenig neidisch.,Condition-A (Zero-Shot),Jetzt schaue ich fast ein wenig neidisch.,3,5
mittelfranken,Aber däi Freude währt net lang beim Beppo.,Aber die Freude währt nicht lange bei Beppo.,Condition-A (Zero-Shot),Aber seine Freude währte nicht lange beim Beppo.,4,5
mittelfranken,"Denn bloß a baar Stund später, däi Fledermäus hänga scho längst zum Schlafen an ihre Burchturmbalgen, na blitzt's scho widder.","Denn bloß ein paar Stunden später, die Fledermäuse hängen schon längst zum Schlafen an ihren Burgturmbalken, da blitzt es schon wieder.",Condition-A (Zero-Shot),"Denn nur wenige Stunden später, als die Fledermäuse längst zum Schlafen an den Balkonen des Burgturms hängen, blitzt es schon wieder.",4,5
mittelfranken,Und desmol glei dutzendweis!,Und diesmal gleich dutzendweis!,Condition-A (Zero-Shot),Und dann sofort dutzendweise!,4,5
mittelfranken,Däi lichtscheuen Fledermäus flattern wild durchanand.,Die lichtscheuen Fledermäuse flattern wild durcheinander.,Condition-A (Zero-Shot),Die lichtscheuen Fledermäuse flattern wild durcheinander.,5,5
mittelfranken,"Ausgerechnet etz, midden am Dooch zur Schlafenszeit, is a Bsuchergruppn an Burchturm naufkraxelt, um däi neue Leopardenfledermaus zum seng, däi in Wahrheit ja bloß Beppo, däi Holunderbeerfleggen-Burchfledermaus is.","Ausgerechnet jetzt, mitten am Tag zur Schlafenszeit, ist eine Besuchergruppe den Burgturm raufgeklettert, um die neue Leopardenfledermaus zu sehen, die in Wahrheit ja bloß Beppo, die Holunderbeerflecken-Burgfledermaus ist.",Condition-A (Zero-Shot),"Ausgerechnet jetzt, mitten am Tag zur Schlafenszeit, ist eine Besuchergruppe auf den Burgturm geklettert, um die neue Leopardenfledermaus zu sehen, die in Wahrheit ja bloß Beppo, die Holunderbeerfledermaus, ist.",4,5
mittelfranken,"""Da oben, die mit den Flecken"", blärrt anner recht gscheid.","""Da oben, die mit den Flecken"", ruft einer recht gescheit.",Condition-A (Zero-Shot),"Da oben, die mit den Flecken“, brüllt ein anderer recht deutlich.",3,5
mittelfranken,Und scho wieder zucken Blitze durch an Burchturm - weil halt a gscheide Leid manchmal gscheid bläd sin.,Und schon wieder zucken Blitze durch den Burgturm - weil halt auch gescheite Leute manchmal gescheit blöd sind.,Condition-A (Zero-Shot),Und schon wieder zucken Blitze durch den Burgturm – weil halt kluge Leute manchmal klug dumm sind.,4,5
mittelfranken,Drei Dooch lang gäiht des a su.,Drei Tage lang geht das so.,Condition-A (Zero-Shot),Das geht so drei Tage lang.,5,5
mittelfranken,"Dey Fledermäus fehlt wega dem Grumpel dogsüber scho bald die Kraft, um nachts no Schnaken zu jagen.","Den Fledermäusen fehlt wegen dem Gerumpel tagsüber schon bald die Kraft, um nachts nach Schnaken zu jagen.",Condition-A (Zero-Shot),"Den Fledermäusen fehlt wegen des Gewitters schon bald die Kraft, um nachts noch Mücken zu jagen.",3,5
mittelfranken,"Am Beppo is däi Sach scho richtig peinlich, wäi na endlich a richtigs Gewitter kummt, mit echte Blitz und echtem Donner.","Beppo ist die Sache schon richtig peinlich, als dann endlich ein richtiges Gewitter kommt, mit echten Blitzen und echtem Donner.",Condition-A (Zero-Shot),"Bei Beppo ist die Sache schon richtig peinlich, weil na endlich ein richtiges Gewitter kommt, mit echtem Blitz und echtem Donner.",3,4
mittelfranken,Normalerweis hätt si der Beppo etz unter sein Balken kuschelt und nimmer grührt.,Normalerweise hätte sich Beppo jetzt unter seinen Balken gekuschelt und nicht mehr gerührt.,Condition-A (Zero-Shot),Normalerweise hätte sie den Beppo jetzt unter seinem Balken gekuschelt und nicht mehr gerührt.,4,5
mittelfranken,Aber etzadla fladdert a naus aus der Burch und mit ausbreitete Flüchel mitten inn Regn nei.,Aber jetzt flattert er raus aus der Burg und mit ausgebreiteten Flügeln mitten in den Regen rein.,Condition-A (Zero-Shot),Aber jetzt fliegt eine aus der Burg und mit ausgebreiteten Flügeln mitten in den Regen hinein.,3,4
mittelfranken,"""Yippiihh!"", freut sich der Beppo, als er sicht, wäi der Regn seine Holunderflecken wechwäscht.","""Yippiihh!"", freut sich Beppo, als er sieht, wie der Regen seine Holunderflecken wegwäscht.",Condition-A (Zero-Shot),"Yippiihh!“, freut sich der Beppo, als er sieht, wie der Regen seine Holunderflecken wegwäscht.",5,5
niederbayern,"""Aber mir is so fad.""","""Aber mir ist so langweilig.""",Condition-A (Zero-Shot),Aber mir ist so langweilig.,5,5
niederbayern,"""He, da is a Flaschenbost!""","""He, da ist eine Flaschenpost!""",Condition-A (Zero-Shot),"Hey, da ist ein Flaschenpost!",5,4
niederbayern,"""Und wos steht do in dem Briafal?""","""Und was steht da in dem Briefchen?""",Condition-A (Zero-Shot),Und was steht da in dem Brief?,4,5
niederbayern,"""A so a Depp, i bin überhaupt ned neigierig.""","""So ein Depp, ich bin überhaupt nicht neugierig.""",Condition-A (Zero-Shot),"So ein Depp, ich bin überhaupt nicht neugierig.",5,5
niederbayern,S'Donaunixerl ärgert si.,Die Donaunixe ärgert sich.,Condition-A (Zero-Shot),Das Donaukind ärgert sich.,3,5
niederbayern,"""Unverschämt.""","""Unverschämt.""",Condition-A (Zero-Shot),,1,1
niederbayern,"""I und neigierig.""","""Ich und neugierig.""",Condition-A (Zero-Shot),Ich bin neugierig.,3,5
niederbayern,"""Der kennt mi doch gor ned.""","""Der kennt mich doch gar nicht.""",Condition-A (Zero-Shot),Der kennt mich doch gar nicht.,5,5
niederbayern,"""Interessiert doch mi gor ned, de blede Flaschn do.""","""Interessiert doch mich gar nicht, die blöde Flasche da.""",Condition-A (Zero-Shot),"Das interessiert mich überhaupt nicht, die blöden Flaschen da.",4,5
niederbayern,"""So ein Depp!""","""So ein Depp!""",Condition-A (Zero-Shot),So ein Idiot!,4,5
niederbayern,"""I glaub, i brauch an Baldrian.""","""Ich glaube, ich brauche einen Baldrian.""",Condition-A (Zero-Shot),"Ich glaube, ich brauche Baldrian.",5,5
niederbayern,"Weil aber da Baldrian unter Wasser ned wachst, schwimmt s'Donaunixerl ans Ufer umme, robbt in ihra Lieblingscafé und bsteid si an Baldraintä.","Weil aber Baldrian unter Wasser nicht wächst, schwimmt die Donaunixe an's Ufer rüber, robbt in ihr Lieblingscafé und bestellt sich einen Baldriantee.",Condition-A (Zero-Shot),"Weil aber Baldrian unter Wasser nicht wächst, schwimmt das Donaunixl ans Ufer, robbt in ihr Lieblingscafé und bestellt sich einen Baldriantee.",5,5
niederbayern,"""I und neigierig.""","""Ich und neugierig.""",Condition-A (Zero-Shot),Ich bin neugierig.,3,5
niederbayern,"Da Tä dampft, dass am Nixerl ganz hoaß wird.","Der Tee dampft, sodass der Nixe ganz heiß wird.",Condition-A (Zero-Shot),"Der Topf dampft, sodass der Nickerl ganz heiß wird.",2,4
niederbayern,"De Bedienung schaut grantig, weil s'Donaunixerl unter ihran Diesch a Wossalogga gmacht hod.","Die Bedienung schaut wütend, weil die Donaunixe unter ihren Tisch eine Wasserpfütze gemacht hat.",Condition-A (Zero-Shot),"Die Bedienung schaut grantig, weil das Donaukind unter ihrem Tisch eine Wasserlache gemacht hat.",5,5
niederbayern,"""Ja mei, a Nixerl verliert hoid a weng a Wasser.""","""Naja, eine Nixe verliert halt ein wenig Wasser.""",Condition-A (Zero-Shot),"Ja, mein Gott, ein Neuling verliert heute ein wenig an Wasser.",2,4
niederbayern,"""Mein Gott, is des so dragisch?""","""Mein Gott, ist das so tragisch?""",Condition-A (Zero-Shot),"Mein Gott, ist das so dramatisch?",4,5
niederbayern,Fürs Tädringa losst si s'Nixerl ganz vui Zeid; oanahoib Stund.,Für's Teetrinken lässt sich die Nixe ganz viel Zeit; eineinhalb Stunden.,Condition-A (Zero-Shot),Zum Trinken lässt sie sich das Nickerl ganz viel Zeit; eine halbe Stunde.,2,4
niederbayern,"""Dei Tä is doch scho ganz koid"", schimpft de Bedienung.","""Dein Tee ist doch schon ganz kalt"", schimpft die Bedienung.",Condition-A (Zero-Shot),"Dein Tee ist doch schon ganz kalt“, schimpft die Bedienung.",5,5
niederbayern,"""Des is a Beruhigungstä und den muas ma langsam dringa.""","""Das ist ein Beruhigungstee und den muss man langsam trinken.""",Condition-A (Zero-Shot),Das ist ein Beruhigungsmittel und das muss man langsam einnehmen.,3,5
niederbayern,"""Wenn ma den schney drinkt, na beruhigt a ja gar ned.""","""Wenn man den schnell trinkt, dann beruhigt er ja gar nicht.""",Condition-A (Zero-Shot),"Wenn man den Schnee trinkt, beruhigt er einen ja gar nicht.",2,5
niederbayern,"Wieder a hoibe Stund späda pflanzt sich die Bedienung vorm Nixerl auf: ""So, du zoist jetz und gähst.""","Wieder eine halbe Stunde später baut sich die Bedienung vor der Nixe auf: ""So, du zahlst jetzt und gehst.""",Condition-A (Zero-Shot),"Wieder eine halbe Stunde später setzt sich die Bedienung vor den Nickerl hin: „So, du zählst jetzt und gehst.“",2,4
niederbayern,"""Warum?""","""Warum?""",Condition-A (Zero-Shot),,1,1
niederbayern,"""Mir brauchma jetz den Diesch, do hod eppa reserviert.""","""Wir brauchen jetzt den Tisch, da hat jemand reserviert.""",Condition-A (Zero-Shot),"Wir brauchen jetzt den Tisch, da hat jemand reserviert.",5,5
niederbayern,"""Zwoa Euro achtzg.""","""Zwei Euro achtzig.""",Condition-A (Zero-Shot),Zwei Euro achtzig.,5,5
niederbayern,"""Wos, so deier?"", frogts Nixerl ganz langsam, weis ja grod erst an Entspannungstä drunga hod.","""Was, so teuer?"", fragt die Nixe ganz langsam, weil sie ja gerade erst einen Entspannungstee getrunken hat.",Condition-A (Zero-Shot),"Was, so teuer?“, fragte Nixerl ganz langsam, denn er hatte gerade erst eine Entspannungsübung gemacht.",2,5
niederbayern,"""Zwoa Euro achtzg für a Tass Wossa und an windigen Täbeitl?""","""Zwei Euro achtzig für eine Tasse Wasser und einen windigen Teebeutel?""",Condition-A (Zero-Shot),Zwei Euro achtzig für eine Tasse Wasser und einen windigen Tag?,3,5
niederbayern,De Bedienung is fuchsdeifeswuid.,Die Bedienung ist fuchsteufelswild.,Condition-A (Zero-Shot),Die Bedienung ist fuchsteufelswild.,5,5
niederbayern,"""Zwoa Euro achtzg, wennst ned zoist, hoie mein Chef.""","""Zwei Euro achtzig, wenn du nicht zahlst, hole ich meinen Chef.""",Condition-A (Zero-Shot),"Zwei Euro achtzig, wenn du nicht zahlst, hole ich meinen Chef.",5,5
niederbayern,"""Jetzt reg di doch ned auf"", sogts Nixerl.","""Jetzt reg dich doch nicht auf"", sagt die Nixe.",Condition-A (Zero-Shot),"Jetzt reg dich doch nicht auf, sagte das Nixerl.",4,5
oberbayern,Na dann erzei i eich jetz amoi wos.,Na dann erzähle ich euch jetzt einmal was.,Condition-A (Zero-Shot),Dann erzähle ich euch jetzt etwas.,4,5
oberbayern,"I war grod mittn in meim Schöhnheitsschlaf, da dramm i auf oamoi, i bin a Ameisn und mit am Haufa andera Ameisn aufm Weg zu unsara Baustei und des Ganze a no im Gleichschritt.","Ich war gerade mitten in meinem Schönheitsschlaf, da träume ich auf einmal, ich bin eine Ameise und mit einem Haufen anderer Ameisen auf dem Weg zu unserer Baustelle und das Ganze auch noch im Gleichschritt.",Condition-A (Zero-Shot),"Ich war gerade mitten in meinem Schönheitsschlaf, da wachte ich plötzlich auf, ich war eine Ameise und mit einer Menge anderer Ameisen auf dem Weg zu unserer Baustelle und das Ganze noch im Gleichschritt.",4,5
oberbayern,"Links, zwo, drei, vier. Links, zwo, drei, vier.","Links, zwo, drei, vier. Links, zwo, drei, vier.",Condition-A (Zero-Shot),"Links, zwei, drei, vier. Links, zwei, drei, vier.",5,5
oberbayern,"Da bleart der Ameisnvorarbeiter: ""Ameisenbautrupp, halt!"", und zwar dermaßen laut, dass mi vor Schreck glei aus meim weltgmiatlichstn Bettal ausse ghaut hod.","Da schreit der Ameisenvorarbeiter: ""Ameisenbautrupp, halt!"", und zwar dermaßen laut, dass es mich vor Schreck gleich aus meinem weltgemütlichstem Bettchen herausrausgehauen hat.",Condition-A (Zero-Shot),"Da brüllt der Ameisenarbeiter: „Ameisenbautrupp, halt!“, und zwar so laut, dass er mich vor Schreck gleich aus meinem gemütlichsten Bettl ausgetrieben hat.",4,4
oberbayern,Aua!,Aua!,Condition-A (Zero-Shot),,1,1
oberbayern,"Billylein, du glaubst es kaum, des war ja überhaupt koa Traum.","Billylein, du glaubst es kaum, das war ja überhaupt kein Traum.",Condition-A (Zero-Shot),"Billylein, du glaubst es kaum, das war ja überhaupt kein Traum.",5,5
oberbayern,I bin jetzad wirklich woch und hear de Ameisn auf meim Doch!,Ich bin jetzt wirklich wach und höre die Ameisen auf meinem Dach!,Condition-A (Zero-Shot),Ich bin jetzt wirklich wach und höre die Ameisen auf meinem Dach!,5,5
oberbayern,"Do bin i natürlich sofort ausse und hob ma den Vorarbeiter zur Brust gnumma: ""Wos hobts'n ihr do auf meim Doch verlorn, ha!?""","Da bin ich natürlich sofort nach draußen und habe mir den Vorarbeiter zur Brust genommen: ""Was habt ihr denn auf meinem Dach verloren, ha!?""",Condition-A (Zero-Shot),"Da bin ich natürlich sofort raus und habe mir den Vorarbeiter zur Brust genommen: „Was habt ihr denn da auf meinem Dach verloren, ha!?",5,5
oberbayern,"""Seit wann geht denn de Ameisnstross über mein Bau drüber?""","""Seit wann geht denn die Ameisenstraße über meinen Bau drüber?""",Condition-A (Zero-Shot),Seit wann verläuft denn die Ameisenstraße über mein Haus?,4,5
oberbayern,"Noa sogt der eiskoid zu mia: ""Seit heute exakt elf Uhr fünfundzwanzig tritt die Ameisenstraßennotverordnung in Kraft.""","Da sagt er eiskalt zu mir: ""Seit heute exakt elf Uhr fünfundzwanzig tritt die Ameisenstraßennotverordnung in Kraft.""",Condition-A (Zero-Shot),Jetzt sagt der Eiskübel zu mir: „Seit heute exakt elf Uhr fünfundzwanzig tritt die Ameisenstraßennotverordnung in Kraft.“,2,4
oberbayern,Am liabstn häd i earna Hausverbot erteilt.,Am liebsten hätte ich ihnen Hausverbot erteilt.,Condition-A (Zero-Shot),Am liebsten hätte ich ihm ein Hausverbot erteilt.,4,5
oberbayern,"Aber wia scho mei Oma immer gsogt hod: ""Mit de Ameisn brauchst di ned oleng, sonst host du fei a echts Problem.""","Aber wie schon meine Oma immer gesagt hat: ""Mit den Ameisen brauchst du dich nicht anlegen, sonst hast du nämlich ein echtes Problem.""",Condition-A (Zero-Shot),"Aber wie meine Oma immer gesagt hat: „Mit den Ameisen brauchst du dich nicht lange aufzuhalten, sonst hast du ein echtes Problem.“",4,5
oberbayern,I war kurz fast sprachlos.,Ich war kurz fast sprachlos.,Condition-A (Zero-Shot),Ich war kurz fast sprachlos.,5,5
oberbayern,"""Da mach i ja koa Aug mehr zua!""","""Da mache ich ja kein Auge mehr zu!""",Condition-A (Zero-Shot),Da kann ich ja kein Auge mehr schließen!,4,5
oberbayern,Des war natürlich mei Stichwort.,Das war natürlich mein Stichwort.,Condition-A (Zero-Shot),Das war natürlich mein Stichwort.,5,5
oberbayern,"Wei wenn oana immer a Idee auf Lager hod, dann is des da Billy, der weitbeste Ideenhaber zwischen Unterpframmern und Acapulco.","Weil wenn einer immer eine Idee auf Lager hat, dann ist das der Billy, der weltbeste Ideenhaber zwischen Unterpframmern und Acapulco.",Condition-A (Zero-Shot),"Wenn jemand immer eine Idee auf Lager hat, dann ist das Billy, der weitbeste Ideenhaber zwischen Unterpframmern und Acapulco.",4,4
oberbayern,"Aber i bin goa ned dazua kema, wos zum sogn, weil de verfressene Ameisnbande scho ogfanga hod, de scheene Baumrinde auf meim Doch ozumknabbern!","Aber ich bin gar nicht dazu gekommen, etwas zu sagen, weil die verfressene Ameisenbande schon angefangen hat, die schöne Baumrinde auf meinem Dach anzuknabbern!",Condition-A (Zero-Shot),"Aber ich bin gar nicht dazu gekommen, etwas zu sagen, weil die verfressene Ameisenschar schon angefangen hatte, die schöne Baumrinde auf meinem Dach anzuknabbern!",5,5
oberbayern,"""Ja, hobts ihr a Meise!?""","""Ja, habt ihr eine Meise!?""",Condition-A (Zero-Shot),"Ja, habt ihr eine Meise!?",5,5
oberbayern,"""Des los i mir ned bieten!""","""Das lass ich mir nicht bieten!""",Condition-A (Zero-Shot),Das lasse ich mir nicht bieten!,5,5
oberbayern,"""Seit wann seits'n ihr Termiten, ha!?""","""Seit wann seit ihr denn Termiten, ha!?""",Condition-A (Zero-Shot),"Seit wann seid ihr Termiten, ha!?",5,5
oberbayern,"""Nehmts de Weide do voarn, de schmeckt eh bessa.""","""Nehmt die Weide da vorne, die schmeckt eh besser.""",Condition-A (Zero-Shot),"Nehmt das Weidegras dort vorne, es schmeckt ohnehin besser.",4,5
oberbayern,Dann warns wenigstns schomoi vo meim Doch weg.,Dann waren sie wenigstens schon einmal von meinem Dach weg.,Condition-A (Zero-Shot),Dann wärst du wenigstens schon mal von meinem Dach weg.,2,4
oberbayern,Kema jetz amoi zu meine Ideen.,Kommen wir jetzt einmal zu meinen Ideen.,Condition-A (Zero-Shot),Kommen wir jetzt zu meinen Ideen.,4,5
oberbayern,"I hob natürlich unendlich vui Lösungen auf Lager ghobt und de häd i dene Ameisn a gern gsogt, aber wenn de so laut fressn, do konnst des wirklich voi vagessn.","Ich habe natürlich unendlich viele Lösungen auf Lager gehabt und die hätte ich diesen Ameisen auch gerne gesagt, aber wenn die so laut fressen, da kannst du das wirklich voll vergessen.",Condition-A (Zero-Shot),"Ich hatte natürlich unendlich viele Lösungen auf Lager und hätte sie den Ameisen auch gerne gesagt, aber wenn sie so laut fressen, kann man das wirklich vergessen.",4,5
oberbayern,Da wirst du beim Redn am End no heiser!,Da wirst du beim Reden am Ende noch heiser!,Condition-A (Zero-Shot),Da wirst du beim Reden am Ende noch heiser!,5,5
oberbayern,"""He Leit! Geht des ned a bissl leiser?""","""He Leute! Geht das nicht ein bisschen leiser?""",Condition-A (Zero-Shot),"Leute, geht das nicht ein bisschen leiser?",5,5
oberbayern,Und dann homs tatsächlich aufgheart.,Und dann haben sie tatsächlich aufgehört.,Condition-A (Zero-Shot),Und dann haben sie tatsächlich aufgehört.,5,5
oberbayern,Es war auf oamoi mucksmeisalstaad.,Es war auf einmal mucksmäuschenstill.,Condition-A (Zero-Shot),Es war auf einmal mucksmäuschenstill.,5,5
oberbayern,"I fang grod zum redn o: ""Oiso, jetz bassts amoi auf... ""","Ich fange gerade zu Reden an: ""Also, jetzt passt mal auf... """,Condition-A (Zero-Shot),"Ich fange gerade an zu reden: „Also, jetzt passt mal auf...“",5,5
oberbayern,"Do schebats, aber wia!","Da poltert es, aber wie!",Condition-A (Zero-Shot),"Was für ein Schlamassel, aber wie!",2,4
oberfranken,"""Do, gugg amol.""","""Hier, schau mal.""",Condition-A (Zero-Shot),Schau mal.,4,5
oberfranken,"""A ganzer Dofl nur für mich?""","""Eine ganze Tafel nur für mich?""",Condition-A (Zero-Shot),Ein ganzer Dofl nur für mich?,2,2
oberfranken,"""Au, des is subber, Mama!""","""Au, das ist super, Mama!""",Condition-A (Zero-Shot),"Oh, das ist süß, Mama!",2,5
oberfranken,Des glaa Känguru freut sich.,Das kleine Känguru freut sich.,Condition-A (Zero-Shot),Das kleine Känguru freut sich.,5,5
oberfranken,"""Derf ich, derf ich am glaan Biber au was davo abgem?""","""Darf ich, darf ich dem kleinen Biber auch was davon abgeben?""",Condition-A (Zero-Shot),"Darf ich, darf ich vom glatten Biber auch etwas davon abhaben?",2,4
oberfranken,"""Natürlich derfst des.""","""Natürlich darfst du das.""",Condition-A (Zero-Shot),Natürlich darfst du das.,5,5
oberfranken,"""Ich finds sogar nett vo dir, dassd deim Freund was abgem willst"", socht die Mudder.","""Ich find’s sogar nett vor die, dass du deinem Freund was abgeben willst"", sagt die Mutter.",Condition-A (Zero-Shot),"Ich finde es sogar nett von dir, dass du deinem Freund etwas abgeben willst, sagte die Mutter.",5,5
oberfranken,"""Wiedersehen, Mama!""","""Wiedersehen, Mama!""",Condition-A (Zero-Shot),"Wiedersehen, Mama!",5,5
oberfranken,"""Adela, ich hupf gleich los, ja?""","""Ade, ich hüpfe gleich los, ja?""",Condition-A (Zero-Shot),"Adela, ich fahre gleich los, ja?",4,5
oberfranken,Des glaa Känguru steckt sich die Schoklad vorn nein Beutel und hupft los.,Das kleine Känguru steckt sich die Schokolade vorne in den Beutel und hüpft los.,Condition-A (Zero-Shot),"Das glaubt das Känguru, steckt sich die Schokolade in den Beutel und hüpft los.",2,4
oberfranken,"So schnell, dass es gar net merkt, dass ihm die Tafel Schoklad underwechs nausbollert.","So schnell, dass es gar nicht merkt, dass ihm die Tafel Schokolade unterwegs rausfällt.",Condition-A (Zero-Shot),"So schnell, dass er gar nicht merkt, dass ihm die Tafel Schokolade unterdessen herausfällt.",4,5
oberfranken,Ganz außer Buste kommt es beim glaan Biber o.,Ganz außer Atem kommt es beim kleinen Biber an.,Condition-A (Zero-Shot),Ganz außer Fassung kommt es beim glatten Biber.,2,4
oberfranken,"""Ha‐ha‐hallo glaans Biber!"", ruft es.","""Ha‐ha‐hallo kleiner Biber!"", ruft es.",Condition-A (Zero-Shot),"Ha-ha-hallo, glänzender Biber!“, ruft es.",3,4
oberfranken,"""Ich-ich hob dir wos migebracht.""","""Ich-ich hab dir was mitgebracht.""",Condition-A (Zero-Shot),Ich habe dir etwas mitgebracht.,4,5
oberfranken,"""Wasch denn?"", fracht der glaa Biber.","""Was denn?"", fragt der kleine Biber.",Condition-A (Zero-Shot),"Was denn?“, fragte der alte Biber.",3,5
oberfranken,"""Rade mal"", sacht des glaa Känguru.","""Rate mal"", sagt da kleine Känguru.",Condition-A (Zero-Shot),"Raten Sie mal, sagte das kleine Känguru.",4,5
oberfranken,"""An Boll?""","""Einen Ball?""",Condition-A (Zero-Shot),An Boll?,1,1
oberfranken,"""Falsch!""","""Falsch!""",Condition-A (Zero-Shot),,1,1
oberfranken,"""A Blume?""","""Eine Blume?""",Condition-A (Zero-Shot),Eine Blume?,5,5
oberfranken,"""Falsch!""","""Falsch!""",Condition-A (Zero-Shot),,1,1
oberfranken,"""A Glavier?""","""Ein Klavier?""",Condition-A (Zero-Shot),Ein Klavier?,5,5
oberfranken,Des Känguru locht.,Das Känguru lacht.,Condition-A (Zero-Shot),Das Känguru lacht.,5,5
oberfranken,"""Es-es ist etwas zu essen.""","""Es-es ist etwas zu essen.""",Condition-A (Zero-Shot),Es ist etwas zu essen.,4,5
oberfranken,"""Es ist braun und süß.""","""Es ist braun und süß.""",Condition-A (Zero-Shot),Es ist braun und süß.,5,5
oberfranken,"""Doch ned etwa a Schoklad?"", frocht der glaa Biber.","""Doch nicht etwa Schokolade?"", fragt der kleine Biber",Condition-A (Zero-Shot),"Ist es etwa keine Schokolade?, fragte der kleine Biber.",3,5
oberfranken,"""Errodn!"", ruft des glaa Känguru.","""Erraten!"", ruft das kleine Känguru.",Condition-A (Zero-Shot),"Errod!“, ruft das graue Känguru.",2,4
oberfranken,"""Du-du kriechst gleich was ab.""","""Du-du kriegst gleich was ab.""",Condition-A (Zero-Shot),Du kriegst gleich was ab.,4,5
oberfranken,"""Wo-wo is mei Schoklad bloß?""","""Wo-wo ist meine Schokolade bloß?""",Condition-A (Zero-Shot),Wo ist meine Schokolade bloß?,4,5
oberfranken,Es gramt in seim Beudel.,Es kramt in seinem Beutel.,Condition-A (Zero-Shot),Es kratzt in seinem Beutel.,3,5
oberfranken,"""Wech!""","""Weg!""",Condition-A (Zero-Shot),Was ist das?,1,5
oberpfalz,"Ja, und beim Giaglbauern bin des i.","Ja, und beim Giaglbauern bin das ich.",Condition-A (Zero-Shot),"Ja, und beim Giaglbauern bin ich das.",4,5
oberpfalz,"Aber wei immer, psst!","Aber wie immer, psst!",Condition-A (Zero-Shot),"Aber wie immer, leise!",4,5
oberpfalz,Was i dou grod mach?,Was ich da gerade mache?,Condition-A (Zero-Shot),Was mache ich gerade?,4,5
oberpfalz,"I kimmer mi, dass alle gloina Wusala si afn Weg zum Fieschweiher machn.","Ich kümmere mich, dass alle kleinen Kücken sich auf den Weg zum Fischweiher machen.",Condition-A (Zero-Shot),"Ich kümmere mich darum, dass alle großen Wiesel auf dem Weg zum Fischweiher sind.",2,4
oberpfalz,"Heid is nämlich a ganz a bsonderer Dooch: d'Entenkücken mein beim Bertl Biber ihr Schwimmabzeichen, as ""Seewuserl"", machen.","Heute ist nämlich ein ganz besonderer Tag: Die Entenküken müssen bei Bertl Biber ihr Schwimmabzeichen, das ""Seeküken"", machen.",Condition-A (Zero-Shot),"Heute ist nämlich ein ganz besonderer Tag: Die Entenkücken machen bei Biber Bertl ihr Schwimmabzeichen, das „Seewürstchen“.",3,5
oberpfalz,"""Ja, und Abmarsch!""","""Ja, und Abmarsch!""",Condition-A (Zero-Shot),"Ja, und Abmarsch!",5,5
oberpfalz,"Wissts, wos as letzte Mal bassiert is, wei die Wuserl eiana Schwimmabzeichen hom machen mein?","Wisst ihr, was das letzte Mal passiert ist, als die Küken ihre Schwimmabzeichen machen mussten?",Condition-A (Zero-Shot),"Wisst ihr, was das letzte Mal passiert ist, als die Kinder ihr Schwimmabzeichen gemacht haben?",4,5
oberpfalz,"D'Wuserla san grod vom Hof ganga gwen und i hab ihne zfrieden nouchegschaud, als i af oimal hinta da Stooleckn jemandn ganz leise beign hearn hob.","Die Küken sind gerade vom Hof gegangen gewesen und ich habe ihnen zufrieden nachgeschaut, als ich auf einmal hinter der Stallecke jemanden ganz leise weinn gehört habe.",Condition-A (Zero-Shot),"Die Kinder waren gerade vom Hof gegangen und ich hatte ihnen friedlich nachgeschaut, als ich plötzlich hinter der Stuhlecke jemanden ganz leise beißen hörte.",2,4
oberpfalz,Da Willi Wuserl!,Willi Küken!,Condition-A (Zero-Shot),Das ist Willi Wuserl!,2,5
oberpfalz,"""Willi, wos machstn du nu dou?""","""Willi, was machst denn du noch da?""",Condition-A (Zero-Shot),"Willi, was machst du denn da?",4,5
oberpfalz,"""Des Wasser is doch so kooid und i bin doch da Gloinste und i kann niad guat schwimma und wenn de andern se scho oodrickern, bin i erst aaf da Hölftn vom Weiher.""","""Das Wasser ist doch so kalt und ich bin doch der Kleinste und ich kann nicht gut schwimmen und wenn die anderen sich schon abtrocknen, bin ich erst auf der Hälfte vom Weiher.""",Condition-A (Zero-Shot),"Das Wasser ist doch so kalt und ich bin doch der Kleinste und ich kann nicht gut schwimmen und wenn die anderen sich schon abdrücken, bin ich erst auf der Hälfte vom Weiher.",4,5
oberpfalz,"""Dann griag i des Abzeichen niard und deaf im Summer niard mit bodn geiiih.""","""Dann kriege ich das Abzeichen nicht und darf im Sommer nicht mit zum Baden gehen.""",Condition-A (Zero-Shot),Dann bekomme ich das Abzeichen nicht und darf im Sommer nicht mit Boden gehen.,2,4
oberpfalz,"""Geih Willi, dou geiht's doch niard um Gschwindigkeit.""","""Aber Willi, da geht es doch nicht um Geschwindigkeit.""",Condition-A (Zero-Shot),"Geh, Willi, da geht es doch nicht um Geschwindigkeit.",5,5
oberpfalz,"""Dou geiht's doch drum, dass du dei Streckn ibahapsts schaffst.""","""Da geht es doch darum, dass du die Strecke überhaupt schaffst.""",Condition-A (Zero-Shot),"Es geht doch darum, dass du deine Strecke insgesamt schaffst.",4,5
oberpfalz,"""Jo aber eitz bin i doch eh scho zspaat.""","""Ja aber jetzt bin ich doch eh schon zu spät.""",Condition-A (Zero-Shot),"Ja, aber jetzt bin ich doch eh schon zu spät.",5,5
oberpfalz,In dem Moment is da Hofhund Max aaf uns zoukumma.,In dem Moment ist der Hofhund Max auf uns zugekommen.,Condition-A (Zero-Shot),In dem Moment kam der Hofhund Max auf uns zu.,5,5
oberpfalz,"""Was gibtsn dou zum Beign, Willi, wuff?"", hot er gfrougt und sein Wurschtzipfl vor si higlegt.","""Was gibt es denn zu weinen, Willi, wuff?"", hat er gefragt und seinen Wurstzipfel vor sich hingelegt.",Condition-A (Zero-Shot),"Was gibt es denn da zum Essen, Willi, wuff?, fragte er und legte sein Wurstbrot vor sie hin.",2,4
oberpfalz,"""Des is!""","""Das ist es!""",Condition-A (Zero-Shot),Das ist es!,5,5
oberpfalz,"""Max, kannst an Willi afm Buckl schnöll an Weiher affebringa?""","""Max, kannst du Willi auf dem Rücken schnell zum Weiher raufbringen?""",Condition-A (Zero-Shot),"Max, kannst du Willi schnell einen Weiher auf den Rücken bringen?",2,3
oberpfalz,"""Der mou zur Schwimmprüfung.""","""Der muss zur Schwimmprüfung.""",Condition-A (Zero-Shot),Er muss zur Schwimmprüfung.,5,5
oberpfalz,"""Naa, i ho ma mei Gnack verrengt und glei an Massagetermin bei de chinesischen Laufantn, Frau Liang und Frau Liong.""","""Nein, ich habe mir meinen Nacken verrenkt und gleich einen Massagetermin bei den chinesischen Laufenten, Frau Liang und Frau Liong.""",Condition-A (Zero-Shot),"Na, ich habe mir den Nacken verrenkt und gleich einen Massagetermin bei den chinesischen Laufanten, Frau Liang und Frau Liong, vereinbart.",5,5
oberpfalz,Und scho is er davoghumplt und hot sein Wurschtzipfl liegn loua.,Und schon ist er davongehumpelt und hat seinen Wurstzipfel liegen lassen.,Condition-A (Zero-Shot),Und schon ist er davongehumpelt und hat sein Würstchen liegen lassen.,4,5
oberpfalz,"""I bin zspaat"", hot der Willi weidablärrt.","""Ich bin zu spät"", hat Willi weitergeheult.",Condition-A (Zero-Shot),"Ich bin zu spät, rief der Willi.",3,5
oberpfalz,"Und wei i den Wurschtzipfl vom Max so aaschau, is ma die Idee kumma.","Und wie ich den Wurstzipfel von Max so anschaue, ist mir die Idee gekommen.",Condition-A (Zero-Shot),"Und als ich die Würstchen vom Max so ansah, kam mir die Idee.",4,5
oberpfalz,"D'Mademoiselle, de Rassekatz, schlouft um dei Zeit immer hinter da Hulzleech.","Mademoiselle, die Rassekatze, schläft um diese Zeit immer hinter der Holzlege.",Condition-A (Zero-Shot),"Die Mademoiselle, die Rassekatze, schläft zu dieser Zeit immer hinter dem Holzleichen.",4,3
oberpfalz,"Vo alloi dads des nie, aber verfressen wei des Veich is, kannt mei Plan funktioniern.","Von alleine würde sie das nie, aber verfressen wie das Tier ist, könnte mein Plan funktionieren.",Condition-A (Zero-Shot),"Von allem das nie, aber verflucht wie das Vieh ist, kann mein Plan funktionieren.",2,3
oberpfalz,I hob schnöll aas am Stecka und dem Wurschtzipfl a Katzen-vord-Nosn-hihalt-Wurschtschnapp-Angel baut.,Ich habe schnell aus einem Stock und dem Wurstzipfel eine Katzen-vor-die-Nase-hinhalt-Wurstschnapp-Angel gebaut.,Condition-A (Zero-Shot),Ich habe schnell aus einem Stecker und einem Wurstzipfel eine Katzen-vor-die-Nase-halten-Wurstschnapp-Angel gebaut.,4,5
oberpfalz,Und scho isd Mademoiselle mit uns afm Buckl in Richtung Weiher grennt.,Und schon ist Mademoiselle mit uns auf dem Rücken in Richtung Weiher gerannt.,Condition-A (Zero-Shot),Und schon ist Mademoiselle mit uns auf dem Rücken in Richtung Weiher gerannt.,5,5
oberpfalz,"So schnöll, dass ma uns richtig ins Föll einegrein hobn mein.","So schnell, dass wir uns richtig ins Fell reinkrallen mussten.",Condition-A (Zero-Shot),"So schnell, dass wir uns richtig ins Fieber hineingefallen haben.",2,4
oberpfalz,"I vorn, mit da Angel in da Händ, hinter mir da Willi.","Ich vorne, mit der Angel in der Hand, hinter mir Willi.",Condition-A (Zero-Shot),"Ich vorne, mit der Angel in der Hand, hinter mir der Willi.",5,5
schwaben,"Voar a paar Däg am Oobad simmer im Garta ghokt und i ho eam beibrocht, wia ma auf Schwäbisch ""griaste"" und ""pfiate"" sagt, weil er sagt allawei ""hallo"" und ""tschüss"".","Vor ein paar Tagen am Abend sind wir im Garten gesessen und ich hab ihm beigebracht, wie man auf Schwäbisch ""griaste"" und ""pfiate"" sagt, weil er sagt immer ""hallo"" und ""tschüss"".",Condition-A (Zero-Shot),"Vor ein paar Tagen am Abend sind wir im Garten gesessen und ich habe ihm beigebracht, wie man auf Schwäbisch „grüßt“ und „pfuiat“ sagt, weil er immer „Hallo“ und „Tschüss“ sagt.",4,5
schwaben,"Midda in meim scheaschta Schualhalta, fangt auf oimol dr Häschniggl Hörbert aa zum singa.","Mitten in meinem schönsten Unterricht, fängt auf einmal die Heuschrecke Herbert an zu singen.",Condition-A (Zero-Shot),Mitten in meinem schönsten Schulhalbjahr fängt auf einmal der Häschengl Herbert an zu singen.,3,4
schwaben,"Dr Flecki hot seine kloine Ohra gschbitzt und grfogt: ""Wuff, was ist denn das?""","Flecki hat seine kleinen Ohren gespitzt und gefragt:""Wuff, was ist denn das?""",Condition-A (Zero-Shot),"Der Flecki hat sich das kleine Ohr gescheuert und gefragt: „Wuff, was ist denn das?“",2,5
schwaben,"""Des isch dr Herbert, a Häschniggl"", han i gseyt.","""Das ist Herbert, ein Häschniggl"", habe ich gesagt",Condition-A (Zero-Shot),"Das ist der Herbert, ein Häschen, habe ich gesagt.",4,5
schwaben,"""Hä-schni-kel?"", hot dr Flecki nochgseyt.","""Hä-schni-kel?"", hat Flecki nachgesagt.",Condition-A (Zero-Shot),"Hä-schni-kel?“, sagte der Flecki noch.",3,4
schwaben,"""Ein kleines grünes Tier, das weit hüpfen kann"", han i in meim beschta Schriftdeitsch gseyt.","""Ein kleines grünes Tier, das weit hüpfen kann"", habe ich in meinem besten Schriftdeutsch gesagt.",Condition-A (Zero-Shot),"Ein kleines grünes Tier, das weit hüpfen kann, habe ich in meinem besten Schriftdeutsch gesagt.",5,5
schwaben,"""Aha"", hot dr Flecki gseyt.","""Aha"", hat Flecki gesagt.",Condition-A (Zero-Shot),"Aha“, sagte der Flecki.",4,5
schwaben,"""Der hat sich wieder mal mit seiner Gattin, der Trixi, gstritten"", han i eam erklärt.","""Der hat sich wieder mal mit seiner Gattin Trixi gestritten"", habe ich ihm erklärt.",Condition-A (Zero-Shot),"Er hat sich wieder einmal mit seiner Gattin, der Trixi, gestritten, habe ich ihm erklärt.",5,5
schwaben,"""Jetzt singt er, sie soll ihm verzeihen.""","""Jetzt singt er, sie soll ihm verzeihen.""",Condition-A (Zero-Shot),"Jetzt singt er, sie soll ihm verzeihen.",5,5
schwaben,"""Oh!"", hot dr Flecki ghaucht.","""Oh!"", hat Flecki gehaucht.",Condition-A (Zero-Shot),"Oh!“, hauchte der Flecki.",4,5
schwaben,"Seid miar jedn Oobmd mit de Schäfenackers im Fernseher ""Verbotene Liebe"" guckand, isch dr Flecki a bissle schmalzig woara.","Seit wir jeden Abend mit den Schäfenackers im Fernseher ""Verbotene Liebe"" anschauen, ist Flecki ein bisschen schmalzig geworden.",Condition-A (Zero-Shot),"Eines Abends, als wir mit den Schäferackern im Fernseher „Verbotene Liebe“ schauten, wurde der Fleck ein bisschen schmalzig.",2,4
schwaben,"""Lass uns mitsingen, wuff!"", hodr gschria und glei losgjault.","""Lass uns mitsingen, wuff!"", hat er geschrien und gleich losgejault.",Condition-A (Zero-Shot),"Lass uns mitsingen, wuff!“, rief er und begann sofort zu bellen.",4,5
schwaben,Da isch mit oim Satz dr Herbert vor ons gschdanda.,Da ist mit einem Satz Herbert vor uns gestanden.,Condition-A (Zero-Shot),Da stand mit einem Satz der Herbert vor uns.,5,5
schwaben,"""Was soll ietza des?"", hodr gfroogt.","""Was soll jetzt das?"", hat er gefragt.",Condition-A (Zero-Shot),"Was soll das jetzt?, fragte er.",5,5
schwaben,"""Oh, der Meistersänger - eine Heuschrecke!"", hodr Flecki gseyt.","""Oh, der Meistersänger - eine Heuschrecke!"", hat Flecki gesagt.",Condition-A (Zero-Shot),"Oh, der Meistersänger – eine Heuschrecke!“, sagte Flecki.",5,5
schwaben,"""Dr Flecki moint, dass du guat senga kasch"", han i ibersetzt, ""ond will dr a bissle helfe.""","""Flecki meint, dass du gut singen kannst"", habe ich übersetzt, ""und will dir ein bisschen helfen.""",Condition-A (Zero-Shot),"Der Flecki meint, dass du gut singen kannst“, habe ich übersetzt, „und will dir ein bisschen helfen.“",5,5
schwaben,Dr Häschniggl Herbert war ganz gschmeichlt ond hat iibr seine Fihlr gschtricha.,Die Heuschrecke Herbert war ganz geschmeichelt und hat über seine Fühler gestrichen.,Condition-A (Zero-Shot),Der Häschniggl Herbert war ganz geschmeichelt und hat über seine Fühler gestrichen.,4,5
schwaben,"Na hodr gjoomrt: ""Mei Trixi mag me nemme, ohmeiohmei!""","Dann hat er gejammert: ""Meine Trixi mag mich nicht mehr, ohmeiohmei!""",Condition-A (Zero-Shot),"Da hat er gebrüllt: „Mein Trixi darf man nicht nehmen, oh mein Gott!",2,4
schwaben,Recht draurig hodr dreiguckt und dr Flecki war glei mea ganz gerührt.,Recht traurig hat er dreingeschaut und Flecki war gleich wieder ganz gerührt.,Condition-A (Zero-Shot),Recht traurig hat er drein geschaut und der Flecki war gleich mehr als ganz gerührt.,3,4
schwaben,"""Wuff, lasst uns alle zusammen singen!"", hodr den Häschniggl zom Troscht aabellt.","""Wuff, lasst uns alle zusammen singen!"", hat er die Heuschrecke zum Trost angebellt.",Condition-A (Zero-Shot),"Wuff, lasst uns alle zusammen singen!“, rief der Häschniggl zum Trost ab.",2,2
schwaben,Und nochert hodr mea s’Jaula aagfanga.,Und dann hat er wieder das Jaulen angefangen.,Condition-A (Zero-Shot),Und noch einmal hat er mir die Jaula angefangen.,2,2
schwaben,"Undr ons gseyt, dr Flecki ka iberhaupts et singa, aber was wilsch macha.","Unter uns gesagt, Flecki kann überhaupt nicht singen, aber was willst du machen.",Condition-A (Zero-Shot),"Unter uns gesagt, der Flecki kann überhaupt nicht singen, aber was soll man machen.",5,5
schwaben,Dr Herbert hot mer aagfanga mit seim Tsrr tsrr tsrr.,Herbert hat wieder angefangen mit seinem Tsrr tsrr tsrr.,Condition-A (Zero-Shot),Herr Herbert hat mit seinem Tschak-Tschak-Tschak angefangen.,3,5
schwaben,Nochr hon i a weng ssssssss gmacht.,Dann habe ich ein wenig ssssssss gemacht.,Condition-A (Zero-Shot),Noch habe ich ein bisschen geschlafen.,1,5
schwaben,Aber dia Trixi hot se net blicka lou.,Aber Trixi hat sich nicht blicken lassen.,Condition-A (Zero-Shot),Aber die Trixi hat sie nicht blicken lassen.,2,4
schwaben,Auf oimol singt au a Amsale mit und a bissle spätr no a klois Meisle - pip pip pip - und a Muck summt au no mit.,Auf einmal singt auch eine Amsel mit und ein bisschen später noch eine kleine Meise - pip pip pip - und eine Mücke summt auch noch mit.,Condition-A (Zero-Shot),Auf einmal singt auch eine Amsel mit und ein bisschen später noch ein kleines Meisen - pip pip pip - und eine Mücke summt auch noch mit.,5,4
schwaben,"Also, a richtigs Konzert isch des woara.","Also, ein richtiges Konzert ist das geworden.",Condition-A (Zero-Shot),Außerdem war ein richtiges Konzert das Wahre.,3,4
schwaben,Am laudeschda hot dr Flecki gsunga oder besser gjault.,Am lautesten hat Flecki gesungen oder besser: gejault.,Condition-A (Zero-Shot),Am lautesten hat der Flecki gesungen oder besser gejault.,5,5
schwaben,"""Trixi, komm zurück, zurück!"", hot dr Herbert zwischenei allaweil gschria.","""Trixi, komm zurück, zurück!"", hat Herbert zwischendrin immerzu geschrien.",Condition-A (Zero-Shot),"Trixi, komm zurück, zurück!“, rief Herbert immer wieder dazwischen.",4,5
schwaben,"""Trixi, komm zurück, zurück!""","""Trixi, komm zurück, zurück!""",Condition-A (Zero-Shot),"Trixi, komm zurück, zurück!",5,5
unterfranken,"""Des ghörd em Onkl Schorsch.""","""Das gehört Onkel Georg.""",Condition-A (Zero-Shot),Das gehört dem Onkel Schorsch.,4,5
unterfranken,"""Un weil der vier Wochn nein Urlaub förd, bass ich auf sei Albagga auf.""","""Und weil der vier Wochen in den Urlaub fährt, passe ich auf sein Alpaka auf.""",Condition-A (Zero-Shot),"Und weil er vier Wochen im Urlaub ist, passe ich auf seine Alpakas auf.",4,5
unterfranken,Der Schäfer Deo kratzt sich aweng hinterm Ohr.,Schäfer Theo kratzt sich ein bisschen hinter'm Ohr.,Condition-A (Zero-Shot),Der Schäfer Deo kratzt sich etwas hinter dem Ohr.,5,5
unterfranken,"""Albagga?"", frachd es Lilu Lämmle.","""Alpaka?"", fragt Lilu Lämmle.",Condition-A (Zero-Shot),"Albga?"", fragte das kleine Lämmchen.",2,4
unterfranken,"""Was is denn en Albagga, Deo?""","""Was ist denn ein Alpaka, Theo?""",Condition-A (Zero-Shot),"Was ist denn ein Albagga, Deo?",3,5
unterfranken,"""Des is so e Art Kamel, aber weiste was: Geh doch enfach ma hin, vielleichd werd ihr ja Freunde.""","""Das ist so eine Art Kamel, aber weißt du was: Geh doch einfach mal hin, vielleicht werdet ihr ja Freunde.""",Condition-A (Zero-Shot),"Das ist so eine Art Kamel, aber weißt du was: Geh doch einfach mal hin, vielleicht werden ihr ja Freunde.",5,4
unterfranken,"Na, des is doch ama e gude Idee vom Deo.","Na, das ist doch einmal eine gute Ideo von Theo.",Condition-A (Zero-Shot),"Na, das ist doch eine gute Idee vom Deo.",4,5
unterfranken,Bloß - wie macht ma sich eichendlich Freunde?,Bloß - wie macht man sich eigentlich Freunde?,Condition-A (Zero-Shot),Nur wie macht man sich eigentlich Freunde?,4,5
unterfranken,"Die Lilu kann des ja ned wiss, weil wie se auf die Welt komme is, warn alle annere ja scho da!","Lilu kann das ja nicht wissen, weil als sie auf die Welt gekommen ist, waren alle anderen ja schon da!",Condition-A (Zero-Shot),"Lilu kann das ja nicht wissen, denn als sie auf die Welt kam, waren alle anderen schon da!",5,5
unterfranken,"Die Lilu überlechd: ""Vielleicht, bann ich e schönnes Lied sing, vielleicht singts nachher mid?""","Lilu überlegt: ""Vielleicht, wenn ich ein schönes Lied singe, vielleicht singt es dann mit?""",Condition-A (Zero-Shot),"Lilu denkt: „Vielleicht, wenn ich ein schönes Lied singe, singt sie später mit?“",4,5
unterfranken,"Es Lilu Lämmle stelld sich vor des Albagga auf un singt: ""Komm mit, mein Schatz, nimm auf meiner Seide Platz, mid der Bi-Ba-Bummel-Bahn, fahren mir nach Böschme ran!""","Lilu Lämmle stellt sich vor dem Alpaka auf und singt: ""Komm mit, mein Schatz, nimm auf meiner Seite Platz, mit der Bi-Ba-Bummel-Bahn, fahren wir nach Bischofsheim!""",Condition-A (Zero-Shot),"Das kleine Lamm stellt sich vor das Alpengatter auf und singt: „Komm mit, mein Schatz, nimm auf meiner Seide Platz, mit der Bi-Ba-Bummel-Bahn, fahren wir nach Böschme ran!",2,4
unterfranken,Aber nix bassiert - des Albagga guggd eweng und kaut dann weider auf sei Gras rum.,Aber nichts passiert - das Alpaka schaut ein wenig und kaut dann weiter auf seinem Gras rum.,Condition-A (Zero-Shot),Aber nichts passiert – das Alpakaga schaut kurz und kaut dann weiter auf seinem Gras herum.,4,4
unterfranken,Des war ja wohl nix!,Das war ja wohl nichts!,Condition-A (Zero-Shot),Das war ja wohl nichts!,5,5
unterfranken,"Aber vielleicht danzd des Albagga ja gern, denkt sich die Lilu un stellt en Radio auf und fängt an, zu danze.","Aber vielleicht tanzt das Alpaka ja gern, denkt sich Lilu und stellt ein Radio auf und fängt an, zu tanzen.",Condition-A (Zero-Shot),"Aber vielleicht tanzt das Albagga ja gern, denkt sich die Lilu und stellt ein Radio auf und fängt an zu tanzen.",5,4
unterfranken,Aber des Albagga?,Aber das Alpaka?,Condition-A (Zero-Shot),Aber die Albagga?,4,4
unterfranken,"Hörd kurz auf zu keen, glodsd eweng verdutzt nüber, wo die Lilu römhobbst und dann bückt sichs wieder nunder zum saftiche Gros.","Hört kurzh auf zu kauen, glotzt ein wenig verdutzt rüber, wo Lilu rumhoppst und dann bückt es sich wieder runter zum saftigen Gras.",Condition-A (Zero-Shot),"Hör kurz auf zu kauen, glotzt ein wenig verdutzt rüber, wo die Lilu rumhast und dann beugt sich wieder runter zum saftigen Gras.",4,4
unterfranken,"""Hmm, vielleichd, dass ichs ama mid Seifenblase brobier?""","""Hmm, vielleicht, dass ich es einmal mit Seifenblasen probiere?""",Condition-A (Zero-Shot),Vielleicht versuche ich es mal mit Seifenblasen?,4,5
unterfranken,Die Lilu hold sich Seffeblasewasser un bläst Seffeblase immer hin zum Albagga.,Lilu holt sich Seifenblasenwasser und bläst Seifenblasen immer hin zum Alpaka.,Condition-A (Zero-Shot),Lilu hält sich Seifenblasenwasser und bläst Seifenblasen immer hin zum Altbau.,2,4
unterfranken,"Aber des Albagga guggd ned amo hi, wie die Seffeblose an seim Fell zerblatzn.","Aber das Alpaka schaut nicht einmal hin, wie die Seifenblasen an seinem Fell zerplatzen.",Condition-A (Zero-Shot),"Aber der Albga schaut nicht einmal hin, wie die Seifenblase an seinem Fell zerplatzt.",4,4
unterfranken,"Es frisst alls weider, als wär die Lilu goarned do.","Es frisst immerzu weiter, als wäre Lilu gar nicht da.",Condition-A (Zero-Shot),"Es frisst wieder alles, als wäre die Lilu gar nicht da.",3,5
unterfranken,"""Vielleichd is des ja ned wild genuch für so n Albagga"", dengd sich Lilu un hold sich em Schäfer Deo seinen Wöschekorb, hoggd sich nei, rumbeld - Hui, schneller! - mit Karacho den Range no un rammelt unde neis Gras.","""Vielleicht ist da ja nicht wild genug für so ein Alpaka"", denkt sich Lilu und holt sich Schäfer Theos Wäschekorb, hockt sich rein, rumpelt - Hui, schneller! - mit Karacho den Hang runter und kullert unten in's Gras.",Condition-A (Zero-Shot),"Vielleicht ist das ja nicht wild genug für so einen Albga, denkt sich Lilu und hält sich beim Schäfer Deo seinen Wäschekorb, hockt sich hin, rumpelt – Hui, schneller! – mit Karacho den Hang noch hinunter und rammt unter neuem Gras.",3,3
unterfranken,Des is ein Spaß!,Das ist ein Spaß!,Condition-A (Zero-Shot),Das ist ein Spaß!,5,5
unterfranken,Aber des Albagga - es hat sich rumgedräht und zeichd der Lilu bloß noch sei Schwänzle,Aber das Alpaka - es hat sich umgedreht und zeigt Lilu bloß noch sein Schwänzchen.,Condition-A (Zero-Shot),Aber der Albino hat sich gedreht und zeigte der Lilu nur noch seinen Schwanz.,2,4
unterfranken,"""Sabberlodd"", dengd sich die Lilu.","""Sakrament"", denkt sich Lilu.",Condition-A (Zero-Shot),"Sabberlappen“, denkt sich die Lilu.",4,5
unterfranken,"""Wahrscheins is des komische Albagga-Kamel einfach nur dodal eingebildet un is sich zu fein, mid em klenne Lämmle zu spieln.""","""Wahrscheinlich ist das komische Alpaka-Kamel einfach nur total eingebildet und ist sich zu fein, mit einem kleinen Lämmle zu spielen.""",Condition-A (Zero-Shot),"Wahrscheinlich ist das komische Albagga-Kamel einfach nur dumm eingebildet und ist sich zu fein, mit dem kleinen Lamm zu spielen.",4,5
unterfranken,"""So Freunde brauch ich ned, des kann mir ma gstohln bleibn, des blöde Albagga!""","""So Freunde brauche ich nicht, das kann mir gestohlen bleiben, das blöde Alpaka!""",Condition-A (Zero-Shot),"So, Freunde brauche ich nicht, das kann mir gestohlen bleiben, das blöde Albagga!",5,4
unterfranken,"In dem Momend kömmd blötzlich der Grandich Gosberd, der Leidhammel, mit sein zwee Kumpels aufn Hüchl.","In dem Moment kommt plötzlich der Grimmige Gosbert, der Leithammel, mit seinen zwei Kumpeln auf den Hügel.",Condition-A (Zero-Shot),"In dem Moment kommt plötzlich der Großvater Gosbert, der Leidenhammel, mit seinen zwei Kumpels auf den Hügel.",3,4
unterfranken,"""He, du, Albagga: Mach, dessde verschwindst, des is unsre Lieblingsstelle.""","""He, du, Alpaka: Mach, dass du verschwindest, das ist unsere Lieblingsstelle.""",Condition-A (Zero-Shot),"Hey, du, Idiot: Mach, dass du verschwindest, das ist unsere Lieblingsstelle.",3,5
unterfranken,"""Hau bloß ab, sonsd kannsde ma was erleb!""","""Hau bloß ab, sonst kannst du mal was erleben!""",Condition-A (Zero-Shot),"Hau bloß ab, sonst kannst du was erleben!",5,5
unterfranken,"""Des, des is aber ned schö, bann enner 'Hau ab!' sachd, vor allem, bann die viel größer un stärker sin!"", dengd sich die Lilu.","""Das, das ist aber nicht schön, wenn einer 'Hau ab!"" sagt, vor allem, wenn die viel größer und stärker sind!"", denkt sich Lilu.",Condition-A (Zero-Shot),"Das ist aber nicht schön, wenn einer „Hau ab!“ sagt, vor allem, wenn die viel größer und stärker sind!, denkt sich die Lilu.",5,5
