region,condition,bleu,wer,cer
mittelfranken,Baseline-0 (Identity),23.7,0.5622,0.1886
niederbayern,Baseline-0 (Identity),15.74,0.6408,0.2479
oberbayern,Baseline-0 (Identity),28.67,0.5472,0.2076
oberfranken,Baseline-0 (Identity),37.66,0.4731,0.1861
oberpfalz,Baseline-0 (Identity),17.73,0.6286,0.2454
schwaben,Baseline-0 (Identity),36.41,0.6012,0.2545
unterfranken,Baseline-0 (Identity),21.63,0.5758,0.2109
mittelfranken,Condition-A (Zero-Shot),52.98,0.2865,0.1795
niederbayern,Condition-A (Zero-Shot),46.33,0.2735,0.1804
oberbayern,Condition-A (Zero-Shot),58.6,0.2028,0.1434
oberfranken,Condition-A (Zero-Shot),37.57,0.3234,0.2169
oberpfalz,Condition-A (Zero-Shot),52.17,0.2886,0.2038
schwaben,Condition-A (Zero-Shot),44.45,0.3344,0.2458
unterfranken,Condition-A (Zero-Shot),50.46,0.2677,0.1725
mittelfranken,Condition-B (Few-Shot),63.98,0.1946,0.1123
niederbayern,Condition-B (Few-Shot),54.79,0.2082,0.1362
oberbayern,Condition-B (Few-Shot),66.36,0.1472,0.0949
oberfranken,Condition-B (Few-Shot),58.98,0.1737,0.1393
oberpfalz,Condition-B (Few-Shot),61.02,0.2114,0.1475
schwaben,Condition-B (Few-Shot),51.98,0.2454,0.1819
unterfranken,Condition-B (Few-Shot),59.45,0.202,0.1332
